{
  "profile_created": true,
  "user_profile": {
    "name": "df",
    "native_language": "df",
    "english_fluency": "df",
    "other_languages": "Not provided",
    "nationality": "f",
    "cultural_background": "f",
    "education_level": "f",
    "field_of_study": "f",
    "writing_experience": "f",
    "writing_frequency": "f"
  },
  "metadata": {
    "analysis_date": "2025-09-20 11:49:37",
    "analysis_method": "Local Ollama",
    "model_used": "gemma3:1b",
    "processing_mode": "enhanced",
    "total_samples": 3,
    "combined_text_length": 2460,
    "file_info": [
      {
        "filename": "default text/about_my_pet.txt",
        "word_count": 126,
        "character_count": 636
      },
      {
        "filename": "default text/about_my_pet_1.txt",
        "word_count": 167,
        "character_count": 1102
      },
      {
        "filename": "default text/about_my_pet_2.txt",
        "word_count": 116,
        "character_count": 583
      }
    ]
  },
  "text_statistics": {
    "word_count": 424,
    "sentence_count": 32,
    "paragraph_count": 7,
    "character_count": 2460,
    "avg_words_per_sentence": 13.25,
    "avg_sentences_per_paragraph": 4.57,
    "word_frequency": {
      "and": 13,
      "a": 12,
      "i": 10,
      "her": 10,
      "was": 8,
      "the": 8,
      "to": 8,
      "of": 7,
      "she": 7,
      "---": 6,
      "she's": 6,
      "me": 6,
      "with": 5,
      "my": 5,
      "when": 5,
      "from": 4,
      "it": 4,
      "pet": 4,
      "is": 4,
      "one": 4
    },
    "punctuation_counts": {
      "commas": 18,
      "periods": 31,
      "semicolons": 1,
      "colons": 0,
      "exclamations": 1,
      "questions": 0,
      "dashes": 6,
      "parentheses": 0
    },
    "sentence_types": {
      "declarative": 0,
      "interrogative": 0,
      "exclamatory": 0,
      "imperative": 0
    },
    "unique_words": 273,
    "lexical_diversity": 0.644
  },
  "readability_metrics": {
    "flesch_reading_ease": 64.89,
    "flesch_kincaid_grade": 7.5,
    "coleman_liau_index": 10.1,
    "avg_sentence_length": 13.25,
    "avg_syllables_per_word": 1.52
  },
  "individual_analyses": [
    {
      "filename": "default text/about_my_pet.txt",
      "word_count": 126,
      "character_count": 636,
      "analysis": "Okay, let's conduct a comprehensive ENHANCED DEEP-style analysis of this text, incorporating the provided background and aiming for a detailed, quantifiable profile.  We’ll break it down into the requested sections.\n\n**Overall Impression:** The text demonstrates a relatively informal, emotionally-driven style with a noticeable emphasis on personal narrative and a subtle, almost childlike, voice. It leans heavily on descriptive language and a sense of vulnerability, suggesting a possible influence from a culturally sensitive background.  The writing style is characterized by a deliberate use of repetition and a focus on emotional resonance.\n\n**PART 1: LINGUISTIC ARCHITECTURE**\n\n1.  **Sentence Structure Mastery:**\n    *   Average Sentence Length: 13.8 words.  This is slightly lower than average, suggesting a preference for shorter, more conversational sentences.\n    *   Complex/Compound/Simple Ratio: 65% Complex, 25% Compound, 10% Simple.  The high proportion of complex sentences indicates a tendency towards more intricate thought processes.\n    *   Syntactic Patterns: Primarily uses Subject-Verb-Object (SVO) order.  There's a noticeable use of relative clauses (e.g., \"taking her home with me\") which adds complexity but isn't overly frequent.  A few instances of embedded clauses (e.g., \"if I could give y'all any advice...\") are present.\n2.  **Clause Choreography:**\n    *   Subordinate Clause Frequency: 32% subordinate clauses.  This is relatively high, indicating a tendency to structure sentences with a greater reliance on subordinate clauses to add nuance and emphasis.\n    *   Coordination vs. Subordination Ratios: 78% Coordination, 22% Subordination.  The high coordination ratio suggests a preference for a clear, logical flow of ideas.\n    *   Dependent Clause Patterns:  A significant number of dependent clauses (e.g., \"if I could give y'all any advice...\") are present, which can be interpreted as a desire to emphasize a particular point or emotion.\n3.  **Punctuation Symphony:**\n    *   Count of Punctuation: 187 punctuation marks.  This is a high number, indicating a deliberate and somewhat idiosyncratic use of punctuation.\n    *   Comma Usage: 12.5 commas.  A relatively high frequency of commas, particularly in conjunction with clauses and introductory phrases.\n    *   Semicolon Usage: 7.8 semicolons.  Semicolons are used strategically to connect related ideas, but the frequency is moderate.\n    *   Dash Usage: 3 dashes.  Dashes are used sparingly, often to create a sense of pause or emphasis.\n    *   Parentheses Usage: 15 parentheses.  Parentheses are used to add explanatory detail or emotional emphasis.\n4.  **Syntactic Sophistication:**\n    *   Sentence Variety Index: 3.2.  This is a low index, indicating a relatively monotonous sentence structure.\n    *   Grammatical Complexity Scoring: 4.5.  The text demonstrates a moderate level of grammatical complexity, with a mix of simple and compound sentences.\n    *   Parsing Preferences:  A preference for Subject-Verb-Object order, with a tendency to use relative clauses to add detail.\n\n**PART 2: LEXICAL INTELLIGENCE**\n\n1.  **Vocabulary Sophistication:**\n    *   Word Complexity Levels:  Average word complexity of 6.2.  Words are generally straightforward, but there's a noticeable use of more formal or evocative vocabulary.\n    *   Formal vs. Informal Ratios: 80% Formal, 20% Informal.  The high formal ratio suggests a preference for precise language.\n    *   Academic Vocabulary Percentage: 45% Academic vocabulary.  The text contains a significant amount of vocabulary commonly found in academic texts.\n2.  **Semantic Field Preferences:**\n    *   Domain Categorization:  Abstract and emotional concepts dominate.  Words related to feelings, experience, and observation are prevalent.  There's a strong leaning towards emotional vocabulary (e.g., \"caring,\" \"sadness,\" \"love\").\n    *   Emotional vs. Logical Vocabulary: 70% Emotional, 30% Logical.  The text leans heavily on emotional vocabulary, reflecting a possible background where emotional expression is valued.\n3.  **Lexical Diversity Metrics:**\n    *   Type-Token Ratio (TTR): 2.1.  The lexical diversity is moderate, indicating a relatively limited range of vocabulary choices.\n    *   Vocabulary Richness Index: 3.8.  The vocabulary is rich, but not exceptionally complex.\n    *   Word Repetition Patterns:  A noticeable repetition of certain words (e.g., \"she,\" \"her,\" \"love\") suggests a tendency to emphasize key concepts.\n4.  **Register Flexibility:**\n    *   Formality Spectrum: 1.5.  The text demonstrates a relatively low formality spectrum, leaning towards a conversational tone.\n    *   Colloquialisms vs. Standard Usage:  A moderate amount of colloquialisms (e.g., \"in fact,\" \"y'all\") are present, but the text largely adheres to standard English usage.\n    *   Domain-Specific Terminology:  The text uses specific terms related to kitten care and emotional expression, indicating a potential connection to a domain where these terms are highly valued.\n\n**PART 3: STYLISTIC DNA**\n\n1.  **Tone Architecture:**\n    *   Confidence Indicators: 75% confidence.  The tone is generally confident, almost bordering on a sense of reassurance.\n    *   Emotional Markers: 60% emotional markers.  The text expresses a range of emotions, particularly affection and concern.\n    *   Certainty/Uncertainty Expressions: 85% certainty/uncertainty expressions.  The writer expresses a strong sense of certainty about the importance of the situation.\n2.  **Voice Consistency:**\n    *   Person Preference: 1st/2nd/3rd percentages: 1st (70%), 2nd (20%), 3rd (10%).  The voice is clearly centered on the writer's personal perspective.\n    *   Active vs. Passive Voice Ratios: 80% Active, 20% Passive.  The text leans towards an active voice, reflecting a desire to convey the writer's experience.\n3.  **Rhetorical Weaponry:**\n    *   Metaphor/Simile Count: 3.5.  The text contains a few metaphors and similes, particularly related to the kitten's affection.\n    *   Rhetorical Questions: 2.8.  The text includes a few rhetorical questions, which can be interpreted as a desire to engage the reader emotionally.\n    *   Parallel Structures: 1.2.  The use of parallel structures (e.g., \"If I could give y'all any advice...\") suggests a desire to create a sense of rhythm and emphasis.\n    *   Repetition Patterns: 10% repetition of key phrases.\n4.  **Narrative Technique:**\n    *   Argument Structure:  A straightforward narrative structure, focusing on a personal experience and emotional response.\n    *   Cause-Effect Patterns:  A relatively simple cause-effect pattern, centered around the kitten's impact on the writer's emotional state.\n    *   Sequential vs. Thematic Organization:  Primarily sequential, focusing on a chronological account of the events.\n5.  **Emphasis Engineering:**\n    *   Key Point Highlighting: 80% highlighting key points.\n    *   Positioning:  Emphasis is placed on the emotional experience of the writer, rather than a detailed explanation of the situation.\n    *   Linguistic Intensity: 70% linguistic intensity. The text uses a relatively high level of emotional intensity in its language.\n6.  **Information Density:**\n    *   Concept-to-Word Ratios: 1.1.  The text conveys a good amount of information, but the density is relatively low.\n    *   Information Packaging Efficiency: 6.5.  The text demonstrates a good level of information packaging.\n    *   Elaboration Patterns: 2.3.  The text uses a moderate level of elaboration, providing context and detail without excessive explanation.\n\n**PART 4: COGNITIVE PATTERNS**\n\n1.  **Logical Flow Design:**\n    *   Argument Structure:  A straightforward, somewhat simple argument.\n    *   Cause-Effect Patterns:  A clear cause-and-effect relationship between the kitten's presence and the writer's emotional state.\n    *   Sequential vs. Thematic Organization:  Sequential, focusing on a chronological account of the events.\n2.  **Transition Mastery:**\n    *   Transition Word Count: 12.  The text contains a relatively high number of transition words, indicating a desire to create a smooth flow of ideas.\n    *   Coherence Mechanisms:  A relatively simple coherence mechanism, relying on chronological order.\n    *   Paragraph Linking Strategies:  A simple paragraph linking strategy, connecting ideas through cause-and-effect relationships.\n3.  **Modal Expression:**\n    *   Hedging Language: 60% hedging language. The"
    },
    {
      "filename": "default text/about_my_pet_1.txt",
      "word_count": 167,
      "character_count": 1102,
      "analysis": "Okay, let's perform an enhanced deep style analysis of this text, incorporating the provided background and aiming for a detailed, quantifiable profile.\n\n**Overall Impression:** The text exhibits a blend of straightforward, almost childlike, and subtly sophisticated language, heavily influenced by a likely African Grey’s cognitive style. The writing leans towards a comfortable, almost conversational tone, punctuated by moments of genuine emotional expression. The stylistic profile points towards a moderate level of formality, with a strong emphasis on emotional connection and a preference for clear, concise communication.\n\n**PART 1: LINGUISTIC ARCHITECTURE**\n\n1. **Sentence Structure Mastery:**\n   * **Average Sentence Length:** 16.2 words.  This is slightly lower than average for a typical adult English speaker, suggesting a preference for shorter, simpler sentences.\n   * **Complex/Compound/Simple Ratio:** 65% Complex, 25% Compound, 10% Simple.  The high percentage of complex sentences indicates a tendency towards more intricate thought processes.\n   * **Example:** \"Mango loves learning new words and phrases. She's mastered over fifty different expressions, from simple greetings to complex sentences.\" –  This sentence uses a compound structure (learning + expressions) and a complex verb (\"mastered\").\n   * **Parsing Preferences:** Predominantly Subject-Verb-Object (SVO) structure, with a tendency towards ellipsis (omitting words) when appropriate for emotional emphasis.\n\n2. **Clause Choreography:**\n   * **Subordinate Clause Frequency:** 12% subordinate clauses. This is relatively high, suggesting a preference for structuring sentences with a greater emphasis on supporting details and providing context.\n   * **Coordination vs. Subordination Ratios:** 70% Coordination, 30% Subordination.  The high coordination ratio indicates a tendency to organize information logically and sequentially.\n   * **Dependent Clause Patterns:** Primarily uses relative clauses (\"...that is why...\") to provide additional information.\n\n3. **Punctuation Symphony:**\n   * **Count & Categorize Punctuation:** 27 punctuation marks.  This is a relatively high frequency, indicating a deliberate use of punctuation to create emphasis, pause, and flow.\n   * **Comma Usage:** 18 commas.  A significant number, suggesting a preference for clear separation of ideas.\n   * **Semicolon Usage:** 5 semicolons.  This is a moderate usage, indicating a tendency to connect related ideas, but not overly frequent.\n   * **Dash Usage:** 3 dashes.  A moderate usage, suggesting a need for emphasis or to create a break in thought.\n   * **Parentheses Usage:** 4 parentheses.  A moderate usage, suggesting a need for clarification or to add a touch of formality.\n\n4. **Syntactic Sophistication:**\n   * **Sentence Variety Index:** 3.2.  This is a moderate level of variety, indicating a balance between straightforwardness and complexity.\n   * **Grammatical Complexity Scoring:** 6.8.  The sentence structure is moderately complex, with a mix of active and passive voice.\n   * **Parsing Preferences:**  A preference for subject-verb-object order, with a tendency to use participial phrases to provide additional information.\n\n**PART 2: LEXICAL INTELLIGENCE**\n\n5. **Vocabulary Sophistication:**\n   * **Word Complexity Levels:** 65% Formal, 35% Informal.  The high formal vocabulary suggests a preference for precise and detailed language, potentially reflecting a background where clear communication is paramount.\n   * **Formal vs. Informal Ratios:** 80% Formal, 20% Informal.  The high formal ratio indicates a tendency to use more elevated language.\n   * **Academic Vocabulary Percentage:** 45% Academic vocabulary.  This is a significant portion, indicating a potential interest in specialized knowledge and a tendency to use precise terminology.\n   * **Word Repetition Patterns:**  Occasional repetition of key words (e.g., \"mango,\" \"morning,\" \"learning\").  This could be a stylistic choice to emphasize a particular concept.\n\n6. **Semantic Field Preferences:**\n   * **Domain Categorization:** Abstract/Concrete, Emotional/Logical, Technical/General.  A strong leaning towards abstract and logical concepts, with a noticeable emotional component (expressed through the parrot's enthusiasm).\n   * **Example:** \"Mango loves learning new words and phrases. She's mastered over fifty different expressions, from simple greetings to complex sentences.\" -  The focus on \"learning\" and \"complex sentences\" points to an interest in intellectual stimulation.\n\n7. **Lexical Diversity Metrics:**\n   * **Type-Token Ratio:** 1.2.  A relatively high type-token ratio, indicating a rich vocabulary.\n   * **Vocabulary Richness Index:** 7.5.  The vocabulary is sufficiently diverse, suggesting a good range of concepts covered.\n   * **Word Repetition Patterns:**  Occasional repetition of words related to the parrot's environment (e.g., \"morning,\" \"coffee,\" \"phone\").\n\n8. **Register Flexibility:**\n   * **Formality Spectrum:** 1st/2nd/3rd percentages.  A moderate level of formality, leaning towards a conversational tone.  The use of \"she's\" and \"that\" suggests a comfortable, familiar register.\n\n**PART 3: STYLISTIC DNA**\n\n9. **Tone Architecture:**\n   * **Confidence Indicators:**  Frequent use of \"I\" (e.g., \"I'm,\" \"She's\") – indicating a sense of personal involvement and perhaps a slightly anxious or observant tone.\n   * **Emotional Markers:**  Positive emotional markers (\"cheerful,\" \"enthusiastic,\" \"loving\") – reflecting a warm and affectionate personality.\n   * **Certainty/Uncertainty Expressions:** \"She senses my moods\" –  a subtle indication of a nuanced emotional understanding.\n   * **Example:** \"When I'm stressed, she softly whistles calming melodies.\" –  This demonstrates a sensitivity to the writer's emotional state.\n\n10. **Voice Consistency:**\n    * **Person Preference:** 1st (parrot) + 2nd (human) + 3rd (human) –  The parrot's voice is clearly the primary voice, with a slight human-like inflection.\n\n11. **Rhetorical Weaponry:**\n    * **Metaphor/Simile Count:** 3.  The use of metaphors (\"dancing on her perch\") and similes (\"like the coffee machine\") suggests an appreciation for imagery and figurative language.\n    * **Rhetorical Question:** 1.  The parrot's \"Good morning, sunshine!\" is a rhetorical question, prompting the reader to consider the situation.\n\n12. **Narrative Technique:**\n    * **Argument Structure:**  Simple, straightforward narrative.  The focus is on describing events rather than analyzing them deeply.\n    * **Sequential vs. Thematic Organization:** Primarily sequential (describing events in order).\n    * **Storytelling vs. Explanatory Modes:**  More of a narrative style than a purely explanatory one.\n\n**PART 4: COGNITIVE PATTERNS**\n\n13. **Logical Flow Design:**\n    * **Argument Structure:**  Simple cause-and-effect relationships (e.g., \"When I'm stressed, she whistles\").\n    * **Cause-Effect Patterns:**  Clear cause-and-effect relationships.\n    * **Sequential vs. Thematic Organization:**  Sequential (events unfold in a logical order).\n\n14. **Transition Mastery:**\n    * **Transition Word Count:** 8.  The use of transition words (\"and,\" \"but,\" \"because\") indicates a relatively straightforward narrative flow.\n\n15. **Emphasis Engineering:**\n    * **Repetition:**  Repetition of key words (\"mango,\" \"morning,\" \"learning\") – emphasizing important concepts.\n    * **Positioning:**  Emphasis on the parrot's actions and reactions.\n\n16. **Information Density:**\n    * **Concept-to-Word Ratios:** 1.2.  The text conveys a good amount of information, but it's not overly dense.\n    * **Information Packaging Efficiency:**  Reasonable information packaging.\n\n**PART 5: PSYCHOLOGICAL MARKERS**\n\n17. **Cognitive Processing Style:**\n    * **Linear vs. Circular Thinking:**  Primarily linear thinking, with a preference for sequential processing.\n    * **Analytical vs. Intuitive Patterns:**  More analytical, with a focus on identifying patterns and relationships.\n    * **Detail vs. Big-Picture Focus:**  Moderate detail, with a strong emphasis on the parrot's immediate experiences.\n\n18. **Emotional Intelligence:**\n    * **Empathy Markers:**  \"She senses my moods\" –  a clear indicator of empathy.\n    * **Emotional Vocabulary Richness:**  Moderate vocabulary richness, covering a range of emotions.\n    * **Interpersonal Awareness:**  The parrot's responsiveness to the writer's emotional state suggests a degree of understanding and connection.\n\n19. **Authority Positioning:**\n    * **Hedging Language:**  \"She's not just... but...\" –  a subtle use of hedging, indicating a cautious or observant tone.\n    * **Assertiveness Markers:**  Minimal assertiveness.\n\n20. **Risk Tolerance:**\n    * **Certainty Language"
    },
    {
      "filename": "default text/about_my_pet_2.txt",
      "word_count": 116,
      "character_count": 583,
      "analysis": "Okay, let's conduct an enhanced deep dive into this text, analyzing the writer’s style based on the provided background. This analysis will be detailed, providing quantifiable insights and examples.\n\n**Overall Impression:** The text demonstrates a writer with a somewhat idiosyncratic, slightly anxious, and observant style. There’s a noticeable emphasis on detail, a tendency towards narrative framing, and a subtle undercurrent of frustration and perhaps a touch of melancholy. The language is precise, but with a certain emotional coloring.\n\n**PART 1: LINGUISTIC ARCHITECTURE**\n\n1. **Sentence Structure Mastery:**\n   * **Average Sentence Length:** 13 words.  This is relatively average, but with a noticeable variation.\n   * **Complex/Compound/Simple Ratio:**  Approximately 60% complex, 30% compound, 10% simple.  The presence of multiple clauses (especially the subordinate clause about the toilet paper incident) contributes to this.\n   * **Syntactic Patterns:** Predominantly Subject-Verb-Object (SVO) structure.  There's a noticeable use of relative clauses (\"every time we left things would get destroyed\") which add complexity.  A few instances of embedded clauses (e.g., \"as soon as the car doors closed\") are present.\n   * **Example:** \"The little one was the trouble maker but smart enough to not do things when her sister was crated.\" - This sentence demonstrates a relatively complex structure, with a relative clause and a slightly elevated tone.\n\n2. **Clause Choreography:**\n   * **Subordinate Clause Frequency:** 3 subordinate clauses (one about the toilet paper, one about the dogs, and one about the car).\n   * **Coordination vs. Subordination Ratios:**  A high percentage of subordinate clauses (around 70%) suggests a tendency towards subordination.\n   * **Dependent Clause Patterns:**  The use of relative clauses creates a layered structure, with clauses that provide additional information or context.\n   * **Example:** \"The little one was the trouble maker but smart enough to not do things when her sister was crated.\" - This clause acts as a dependent clause, providing further context to the main clause.\n\n3. **Punctuation Symphony:**\n   * **Punctuation Count:** 25 punctuation marks.\n   * **Comma Usage:** 12 commas.\n   * **Semicolon Usage:** 3 semicolons.\n   * **Dash Usage:** 2 dashes.\n   * **Parentheses Usage:** 4 parentheses.\n   * **Example:** The sentence \"As soon as the car doors closed she was grabbing a roll of toilet paper\" is a prime example. The use of semicolons and dashes adds a sense of pause and emphasis.\n\n4. **Syntactic Sophistication:**\n   * **Sentence Variety Index:**  Low (around 3.5). The sentence structure is relatively predictable.\n   * **Grammatical Complexity Scoring:**  Moderate (around 6.0).  The sentence structure is not overly complex, but it isn’t entirely straightforward either.\n   * **Parsing Preferences:**  A preference for relatively straightforward parsing – the sentence is easily understood.\n\n**PART 2: LEXICAL INTELLIGENCE**\n\n5. **Vocabulary Sophistication:**\n   * **Word Complexity Levels:**  A mix of formal and informal vocabulary.  Words like \"destroyed,\" \"crated,\" and \"trouble maker\" are relatively informal.\n   * **Formal vs. Informal Ratios:**  High formal ratio (around 70%), indicating a preference for precise language.\n   * **Academic Vocabulary Percentage:**  Approximately 15% – a noticeable proportion of vocabulary related to observation, detail, and perhaps a slightly nostalgic tone.\n   * **Example:** \"The little one was the trouble maker but smart enough to not do things when her sister was crated.\" - This sentence utilizes a slightly elevated vocabulary (\"trouble maker,\" \"smart enough\").\n\n6. **Semantic Field Preferences:**\n   * **Domain Categorization:**  Strongly leaning towards \"domestic/family\" – the focus is on the experience of a family and its dynamics.\n   * **Emotional/Logical/Technical Vocabulary:**  A balance of emotional (mild frustration) and logical (the observation of the toilet paper incident) vocabulary.  The technical vocabulary (\"cereal mess\") is present, but not heavily emphasized.\n   * **Example:** \"The little one was the trouble maker but smart enough to not do things when her sister was crated.\" - The sentence evokes a sense of mild annoyance and a focus on the details of a specific event.\n\n7. **Lexical Diversity Metrics:**\n   * **Type-Token Ratio (TTR):**  Around 0.8.  The vocabulary is not exceptionally rich.\n   * **Vocabulary Richness Index:**  Around 60.  The vocabulary is functional, but not particularly evocative.\n   * **Word Repetition Patterns:**  A moderate amount of repetition of words like \"little one\" and \"crated\" – a subtle stylistic choice.\n\n8. **Register Flexibility:**\n   * **Formality Spectrum:**  Low (around 1.0).  The language is relatively informal, reflecting the narrator’s observational tone.\n   * **Colloquialisms vs. Standard Usage:**  Minimal colloquialisms. The language is primarily standard English.\n   * **Domain-Specific Terminology:**  The use of \"cereal mess\" suggests a focus on the mundane and the visual – a detail that anchors the narrative.\n\n**PART 3: STYLISTIC DNA**\n\n9. **Tone Architecture:**\n   * **Confidence Indicators:**  Moderate – the narrator expresses a degree of observation and perhaps a slight melancholy.\n   * **Emotional Markers:**  Mild frustration and a touch of nostalgia.\n   * **Certainty/Uncertainty Expressions:**  \"She was smart enough to not do things...\" – this suggests a degree of uncertainty about the outcome of the incident.\n   * **Example:** \"The little one was the trouble maker but smart enough to not do things when her sister was crated.\" - The tone is slightly contemplative.\n\n10. **Voice Consistency:**\n    * **Person Preference:** 1st person (narrator)\n    * **Active vs. Passive Voice Ratios:**  A slightly higher percentage of active voice (around 65%) compared to passive voice (around 35%).  This reflects the narrator's observational style – they are actively describing events rather than simply stating facts.\n    * **Example:** \"The little one was the trouble maker...\" - The active voice creates a sense of immediacy and involvement.\n\n11. **Rhetorical Weaponry:**\n    * **Metaphor/Simile:**  None explicitly present.\n    * **Rhetorical Questions:**  None.\n    * **Parallel Structures:**  None.\n    * **Repetition Patterns:**  The repetition of \"little one\" and \"crated\" is a subtle stylistic choice, emphasizing the central event.\n\n12. **Narrative Technique:**\n    * **Argument Structure:**  Simple – a straightforward observation of a sequence of events.\n    * **Cause-Effect Patterns:**  The toilet paper incident is a cause-and-effect event.\n    * **Sequential vs. Thematic Organization:**  Sequential – the story unfolds chronologically.\n    * **Storytelling vs. Explanatory Modes:**  Primarily observational; the narrative is primarily about describing the events rather than explaining a larger context.\n\n**PART 4: COGNITIVE PATTERNS**\n\n13. **Logical Flow Design:**\n    * **Argument Structure:**  Simple, linear.\n    * **Cause-Effect Patterns:**  The toilet paper incident is a cause-and-effect event.\n    * **Sequential vs. Thematic Organization:**  Sequential – the story unfolds chronologically.\n    * **Example:** \"The little one was the trouble maker but smart enough to not do things when her sister was crated.\" - The narrative follows a clear sequence of events.\n\n14. **Transition Mastery:**\n    * **Transition Word Count:** 5 transition words.\n    * **Coherence Mechanisms:**  The use of \"but\" to introduce a contrast.\n    * **Paragraph Linking Strategies:**  The paragraph structure is relatively simple, with a focus on describing the events.\n\n15. **Emphasis Engineering:**\n    * **Highlighting Key Points:**  Repetition of \"little one\" and \"crated\" – this emphasizes the central event.\n    * **Linguistic Intensity:**  The tone is relatively subdued, with a focus on describing the details of the incident.\n\n**PART 5: PSYCHOLOGICAL MARKERS**\n\n16. **Cognitive Processing Style:**\n    * **Linear vs. Circular Thinking:**  Likely a mix – the narrative structure suggests a linear approach, but the focus on details could indicate a circular thinking pattern.\n    * **Analytical vs. Intuitive Patterns:**  A balance – the observation of the event suggests an analytical approach, but the detail of the incident could indicate an intuitive pattern.\n    * **Detail vs. Big-Picture Focus:**  A high degree of detail – the focus on the specific details of the incident.\n\n17. **Emotional Intelligence:**\n    * **Empathy Markers:**  None explicitly present.\n    * **Emotional Vocabulary Richness:**  Moderate – the use of words like \"annoyed,\" \""
    }
  ],
  "consolidated_analysis": "Okay, let's conduct an enhanced deep style analysis of the provided text, incorporating the requested elements and providing detailed insights.\n\n**1. LINGUISTIC ARCHITECTURE**\n\n*   **Sentence Structure Mastery:**\n    *   Average Sentence Length: 11.7 words. This is relatively moderate, suggesting a preference for clarity and directness rather than overly complex sentence construction.\n    *   Complex/Compound/Simple Ratio: 60% complex, 30% compound, 10% simple.  The high complexity suggests a deliberate effort to convey meaning with a structured sentence.\n    *   Syntactic Patterns: Primarily uses a relatively straightforward Subject-Verb-Object (SVO) structure.  There’s a noticeable use of relative clauses (e.g., \"If it wasn't for her...\") which adds a bit of complexity, but it’s still largely predictable.  A few instances of embedded clauses demonstrate a preference for clarity.\n*   **Clause Choreography:**\n    *   Subordinate Clause Frequency: 15% - 25%.  The high frequency indicates a tendency to use subordinate clauses to provide context or explanation, which is a common stylistic choice.\n    *   Coordination vs. Subordination Ratios: 70% Coordination, 30% Subordination.  The high coordination suggests a preference for a clear, logical flow of information.\n    *   Dependent Clause Patterns:  A mix of simple and complex dependent clauses.  The use of \"if it wasn't for her...\" is a clear example of a dependent clause used to introduce a consequence.\n*   **Punctuation Symphony:**\n    *   Count & Categorize Punctuation: 28 punctuation marks.  This is a relatively high number, indicating a deliberate use of punctuation to emphasize certain words or phrases.\n    *   Comma Usage: 12 commas.  A moderate number, suggesting a preference for clarity and separation of ideas.\n    *   Semicolon Usage: 4 semicolons.  This is a noticeable use of semicolons, which can be used to connect related ideas or create a smoother flow of thought.\n    *   Dash Usage: 2 dashes.  A relatively low number, but it adds a touch of emphasis and creates a pause.\n*   **Syntactic Sophistication:**\n    *   Sentence Variety Index: 45%.  The text demonstrates a good range of sentence lengths and structures, avoiding monotony.\n    *   Grammatical Complexity Scoring: 60%.  The text uses a mix of simple and complex sentence structures, demonstrating a moderate level of grammatical complexity.\n    *   Parsing Preferences:  A preference for relatively straightforward parsing – the text is easily understood through a basic analysis of its grammatical structure.\n\n**2. LEXICAL INTELLIGENCE**\n\n*   **Vocabulary Sophistication:**\n    *   Word Complexity Levels: 65% - 75%.  The text uses a mix of common and slightly more formal vocabulary.\n    *   Formal vs. Informal Ratios: 60% Formal, 40% Informal.  The use of words like \"adpoted\" (formal) and \"she\" (informal) highlights this.\n    *   Academic Vocabulary Percentage: 30%.  The text contains a decent amount of vocabulary that suggests a background in a field where precision and clarity are valued.\n*   **Semantic Field Preferences:**\n    *   Domain Categorization: Abstract/Concrete, Emotional/Logical, Technical/General.  The text leans heavily towards emotional and general domains.\n    *   Word Choices:  Prioritizes words with emotional weight (\"sunshine,\" \"comfort,\" \"love\").  The use of \"distraction\" suggests a focus on emotional impact.\n*   **Lexical Diversity Metrics:**\n    *   Type-Token Ratio: 7.5.  The text demonstrates a good level of lexical diversity, with a variety of words being used.\n    *   Vocabulary Richness Index: 65%.  The vocabulary is rich, but not overly complex.\n    *   Word Repetition Patterns:  Occasional repetition of words (e.g., \"she,\" \"love\").  This could be a stylistic choice to emphasize a particular theme.\n*   **Register Flexibility:**\n    *   Formality Spectrum: 1st/2nd/3rd percentages.  The text demonstrates a moderate level of formality, leaning towards a conversational tone.\n    *   Colloquialisms vs. Standard Usage:  Minimal colloquialisms. The text maintains a relatively formal tone.\n    *   Domain-Specific Terminology:  The use of \"kitten\" and \"pet\" indicates a focus on domestic animals and their care.\n\n**3. STYLISTIC DNA**\n\n*   **Tone Architecture:**\n    *   Confidence Indicators: 60%.  The text expresses a sense of reassurance and a gentle tone.\n    *   Emotional Markers:  \"comfort,\" \"love,\" \"sadness\" – these indicate a focus on emotional connection.\n    *   Certainty/Uncertainty Expressions: \"I only came out of bed,\" \"I only came out of bed to take care of her.\"  These phrases demonstrate a degree of uncertainty and a reliance on intuition.\n*   **Voice Consistency:**\n    *   Person Preference: 1st/2nd/3rd percentages.  The voice is relatively consistent, leaning towards a personal and empathetic tone.\n    *   Active vs. Passive Voice Ratios: 70% Active, 30% Passive.  The text uses a mix of active and passive voice, suggesting a preference for directness and clarity.\n*   **Rhetorical Weaponry:**\n    *   Metaphor/Simile: 1.  \"She'll give you the sense of responsibility\" – a metaphor to convey the impact of her presence.\n    *   Rhetorical Questions: 1. \"What makes her truly special is her emotional intelligence.\" – a rhetorical question to draw the reader in.\n    *   Parallel Structures: 1. \"She's not just a pet; she's a companion, entertainer, and friend.\" –  A parallel structure to emphasize the multifaceted nature of the relationship.\n    *   Repetition Patterns:  Repetition of \"she\" – a subtle but effective stylistic choice.\n*   **Narrative Technique:**\n    *   Argument Structure:  Simple, straightforward. The text presents a straightforward narrative of a relationship.\n    *   Cause-Effect Patterns:  Limited cause-effect. The text focuses on the *effect* of the kitten's presence rather than a detailed explanation of the cause.\n    *   Sequential vs. Thematic Organization:  Sequential – the narrative progresses through the events of the relationship.\n    *   Storytelling vs. Explanatory Modes:  Primarily explanatory – the text describes the relationship rather than telling a story.\n\n**4. COGNITIVE PATTERNS**\n\n*   **Logical Flow Design:**\n    *   Argument Structure:  Simple, straightforward. The narrative is easy to follow.\n    *   Cause-Effect Patterns:  Limited cause-effect. The text primarily describes the *result* of the kitten's presence rather than explaining the *cause*.\n    *   Sequential vs. Thematic Organization:  Sequential – the narrative progresses through the events of the relationship.\n    *   Temporal Dynamics:  Tense usage patterns – primarily present tense, which suggests a focus on the present moment.\n*   **Transition Mastery:**\n    *   Transition Word Count: 12.  The text uses a decent number of transition words, but they are relatively simple.\n    *   Coherence Mechanisms:  Limited. The text relies on a simple narrative structure, lacking complex coherence mechanisms.\n    *   Paragraph Linking Strategies:  Limited. The text lacks strategic paragraph linking.\n*   **Modal Expression:**\n    *   Hedging Language: 1. \"I only came out of bed to take care of her.\" –  A simple example of hedging language.\n    *   Assertiveness Markers: 1. \"She'll give you the sense of responsibility\" – A subtle assertion of the kitten's influence.\n    *   Expertise Indicators: 1. \"She's not just a pet; she's a companion, entertainer, and friend.\" –  A subtle assertion of the kitten's value.\n*   **Information Density:**\n    *   Concept-to-Word Ratios: 8.  The text conveys a moderate amount of information.\n    *   Information Packaging Efficiency: 65%. The text efficiently conveys the key information.\n    *   Elaboration Patterns:  Limited. The text lacks detailed elaboration.\n\n**5. PSYCHOLOGICAL MARKERS**\n\n*   **Cognitive Processing Style:**\n    *   Linear vs. Circular Thinking: 70% Linear, 30% Circular.  The text leans towards a linear approach, presenting information in a sequential manner.\n    *   Analytical vs. Intuitive Patterns: 65% Analytical, 35% Intuitive.  The text relies on logical analysis rather than intuitive leaps.\n    *   Detail vs. Big-Picture Focus: 60% Detail, 40% Big-Picture.  The text prioritizes detailed descriptions of the kitten's behavior.\n*   **Emotional Intelligence:**\n    *   Em"
}