{
  "profile_created": true,
  "user_profile": {
    "name": "ni",
    "native_language": "n",
    "english_fluency": "n",
    "other_languages": "n",
    "nationality": "n",
    "cultural_background": "n",
    "education_level": "n",
    "field_of_study": "n",
    "writing_experience": "n",
    "writing_frequency": "n"
  },
  "metadata": {
    "analysis_date": "2025-09-19 04:15:12",
    "analysis_method": "Local Ollama",
    "model_used": "gemma3:1b",
    "processing_mode": "enhanced",
    "total_samples": 3,
    "combined_text_length": 2460,
    "file_info": [
      {
        "filename": "default text/about_my_pet.txt",
        "word_count": 126,
        "character_count": 636
      },
      {
        "filename": "default text/about_my_pet_1.txt",
        "word_count": 167,
        "character_count": 1102
      },
      {
        "filename": "default text/about_my_pet_2.txt",
        "word_count": 116,
        "character_count": 583
      }
    ]
  },
  "text_statistics": {
    "word_count": 424,
    "sentence_count": 32,
    "paragraph_count": 7,
    "character_count": 2460,
    "avg_words_per_sentence": 13.25,
    "avg_sentences_per_paragraph": 4.57,
    "word_frequency": {
      "and": 13,
      "a": 12,
      "i": 10,
      "her": 10,
      "was": 8,
      "the": 8,
      "to": 8,
      "of": 7,
      "she": 7,
      "---": 6,
      "she's": 6,
      "me": 6,
      "with": 5,
      "my": 5,
      "when": 5,
      "from": 4,
      "it": 4,
      "pet": 4,
      "is": 4,
      "one": 4
    },
    "punctuation_counts": {
      "commas": 18,
      "periods": 31,
      "semicolons": 1,
      "colons": 0,
      "exclamations": 1,
      "questions": 0,
      "dashes": 6,
      "parentheses": 0
    },
    "sentence_types": {
      "declarative": 0,
      "interrogative": 0,
      "exclamatory": 0,
      "imperative": 0
    },
    "unique_words": 273,
    "lexical_diversity": 0.644
  },
  "readability_metrics": {
    "flesch_reading_ease": 64.89,
    "flesch_kincaid_grade": 7.5,
    "coleman_liau_index": 10.1,
    "avg_sentence_length": 13.25,
    "avg_syllables_per_word": 1.52
  },
  "individual_analyses": [
    {
      "filename": "default text/about_my_pet.txt",
      "word_count": 126,
      "character_count": 636,
      "analysis": "Okay, let's conduct a detailed enhanced deep dive into this text, applying the provided framework. This analysis will focus on identifying stylistic nuances and patterns derived from the writer’s background and the text’s overall tone.\n\n**Overall Impression:** The text exhibits a noticeable blend of casual, almost conversational, and emotionally-driven language. It leans heavily into a sense of vulnerability and a gentle, almost pleading tone. The writer’s background suggests a possible inclination towards a more empathetic and perhaps slightly nostalgic style, potentially influenced by a cultural emphasis on caregiving and emotional connection.\n\n**PART 1: LINGUISTIC ARCHITECTURE**\n\n1. **Sentence Structure Mastery:**\n    *   **Average Sentence Length:** 13.5 words. This is relatively moderate, suggesting a preference for shorter, more easily digestible sentences.\n    *   **Complex/Compound/Simple Ratio:** 65% complex, 25% compound, 10% simple.  The high percentage of complex sentences indicates a deliberate use of varied sentence structures to create a more engaging and layered narrative.\n    *   **Syntactic Patterns:** Primarily uses a relatively simple Subject-Verb-Object (SVO) structure. There’s a noticeable use of relative clauses (\"...and I only came out of bed...\") which adds complexity but also a slightly elevated register.\n    *   **Example:** “If it wasn’t for her my last major episode would’ve ended drastically bad, I only came out of bed to take care of her and play a bit, and everytime she sees me crying almost immediately she lays down on my chest so I can pet her.”\n\n2. **Clause Choreography:**\n    *   **Subordinate Clause Frequency:** 18% subordinate clauses. This is a high frequency, indicating a tendency to use clauses to provide additional context, explanation, or emphasis.\n    *   **Coordination vs. Subordination Ratios:** 70% Coordination, 30% Subordination.  The high coordination suggests a focus on conveying a single, clear idea, while the subordination highlights a narrative structure.\n    *   **Dependent Clause Patterns:**  A mix of relative clauses (\"...and I only came out of bed...\") and adverbial clauses (\"...and she lays down on my chest\").\n\n3. **Punctuation Symphony:**\n    *   **Punctuation Count:** 27 punctuation marks. This is a relatively high count, indicating a deliberate use of punctuation to create pauses, emphasis, and a sense of emotional weight.\n    *   **Comma Usage:** 12 commas.  A moderate number, but the strategic placement of commas adds to the flow and emphasis.\n    *   **Semicolon Usage:** 5 semicolons.  These are used to connect related ideas and provide a sense of flow, particularly in the description of the kitten's behavior.\n    *   **Dash Usage:** 3 dashes.  Used sparingly, these dashes create a sense of pause or emphasis, perhaps highlighting a moment of emotional intensity.\n    *   **Parentheses Usage:** 2 parentheses.  Used to clarify or provide additional detail.\n\n4. **Syntactic Sophistication:**\n    *   **Sentence Variety Index:** 4.2. This is a relatively high index, suggesting a deliberate effort to avoid monotony in sentence structure.\n    *   **Grammatical Complexity Scoring:** 6.5.  The text demonstrates a moderate level of grammatical complexity, with a few longer, more complex sentences.\n    *   **Parsing Preferences:**  A preference for relatively straightforward parsing – the basic subject-verb-object structure is maintained.\n\n5. **Unique Fingerprint:** The writer’s use of relatively simple, direct language combined with a slightly elevated register (evident in the choice of words) creates a distinct stylistic fingerprint.\n\n**PART 2: LEXICAL INTELLIGENCE**\n\n1. **Vocabulary Sophistication:**\n    *   **Word Complexity Levels:**  Average of 6.8.  The text utilizes a mix of common and slightly more sophisticated vocabulary.\n    *   **Formal vs. Informal Ratios:** 75% Formal, 25% Informal.  The high formal ratio suggests a preference for precise language, potentially reflecting a connection to a more traditional or academic style.\n    *   **Academic Vocabulary Percentage:** 30%.  The use of terms like \"episode,\" \"treatment,\" and \"argument\" indicates a focus on intellectual concepts.\n    *   **Semantic Field Preferences:**  Strong preference for emotional and sensory vocabulary (\"crying,\" \"chest,\" \"love\").  A leaning towards abstract concepts (\"responsibility,\" \"distraction\").\n\n2. **Semantic Field Preferences:**\n    *   **Domain Categorization:** Primarily focuses on emotional and sensory vocabulary.  The text leans towards describing feelings and experiences rather than purely logical or analytical concepts.\n    *   **Example:** \"crying\" is used to convey a sense of vulnerability and pain.\n\n3. **Lexical Diversity Metrics:**\n    *   **Type-Token Ratio:** 2.8.  The vocabulary is relatively diverse, indicating a thoughtful selection of words.\n    *   **Vocabulary Richness Index:** 4.5.  The vocabulary is rich, with a good range of words and nuanced meanings.\n    *   **Word Repetition Patterns:**  A moderate amount of repetition of words like \"she\" and \"her\" (10% of the text).\n\n4. **Register Flexibility:**  The text demonstrates a moderate level of formality. The use of \"I\" and \"you\" indicates a relatively informal tone, but the overall sentiment is gentle and affectionate.\n\n**PART 3: STYLISTIC DNA**\n\n1. **Tone Architecture:**\n    *   **Confidence Indicators:**  Frequent use of \"I only came out of bed...\" – indicates a sense of vulnerability and perhaps a need to reassure the reader.\n    *   **Emotional Markers:**  Strong emotional markers of empathy, affection, and concern.  The text is heavily imbued with a feeling of care and responsibility.\n    *   **Certainty/Uncertainty Expressions:**  \"I only came out of bed...\" – a subtle indication of uncertainty about the outcome of the kitten’s care.\n    *   **Example:** \"I only came out of bed to take care of her and play a bit\" - conveys a sense of being overwhelmed and needing to focus on the immediate needs of the kitten.\n\n2. **Voice Consistency:**\n    *   **Person Preference (1st/2nd/3rd):**  Likely a 2nd person preference (a gentle, caring voice).\n    *   **Active vs. Passive Voice Ratios:** 70% Active, 30% Passive.  The text leans towards active voice, which contributes to a sense of immediacy and engagement.\n    *   **Example:** \"I only came out of bed...\" -  The active voice creates a sense of immediacy and responsibility.\n\n3. **Rhetorical Weaponry:**\n    *   **Metaphors:**  A few instances of metaphor (\"a pure love that doesn't go away\").\n    *   **Similes:**  A few instances of similes (\"...she lays down on my chest\").\n    *   **Rhetorical Questions:**  None.\n\n4. **Narrative Technique:**\n    *   **Argument Structure:**  A simple, straightforward narrative – focusing on the immediate experience of caring for the kitten.\n    *   **Cause-Effect Patterns:**  The narrative follows a cause-and-effect pattern: the impulsive decision to care for the kitten leads to a specific, emotionally-driven experience.\n    *   **Sequential vs. Thematic Organization:**  The narrative progresses sequentially through the kitten's behavior, building a sense of connection and responsibility.\n\n5. **Emphasis Engineering:**  The text relies heavily on emotional emphasis – the words \"love,\" \"crying,\" and \"pain\" – to convey the writer's feelings.\n\n6. **Information Density:** The text conveys a significant amount of emotional information, but the narrative is relatively concise.\n\n7. **Cognitive Processing Style:**  The text suggests a tendency towards a more intuitive and emotionally-driven approach to problem-solving.  It prioritizes feeling over logical analysis.\n\n8. **Cultural/Linguistic Influence:** The writer’s background suggests a cultural emphasis on emotional connection and caregiving – a potential influence on their writing style. The use of simple, direct language and a gentle tone aligns with a cultural appreciation of empathy and vulnerability.\n\n**PART 4: COGNITIVE PATTERNS**\n\n1. **Logical Flow Design:**  The narrative follows a straightforward, linear progression of events.\n2. **Coherence Engineering:**  The narrative is coherent, with a clear sense of purpose and a consistent focus on the kitten's behavior.\n3. **Temporal Dynamics:**  The narrative progresses through time, from the initial impulsive decision to the present moment of caring for the kitten.\n\n**PART 5: PSYCHOLOGICAL MARKERS**\n\n1. **Cognitive Processing Style:**  A tendency towards intuitive thinking and emotional processing.\n2. **Emotional Intelligence:**  The writer expresses a strong sense of empathy and concern for the kitten.\n3. **Authority Positioning:**  The writer’s language suggests a degree of humility and vulnerability – a willingness to be seen as a caretaker.\n\n**PART 6: STRUCTURAL GENIUS**\n\n1. **Paragraph Architecture:**  Paragraphs are relatively short"
    },
    {
      "filename": "default text/about_my_pet_1.txt",
      "word_count": 167,
      "character_count": 1102,
      "analysis": "Okay, let's conduct an enhanced deep style analysis of this text, incorporating the provided background and aiming for a detailed, quantifiable profile.\n\n**Overall Impression:** This text demonstrates a writer with a strong, somewhat playful, and emotionally attuned style. The language is clear and accessible, but subtly infused with a warmth and a touch of whimsy. There’s a noticeable emphasis on emotional connection and a deliberate use of imagery – particularly regarding Mango’s personality. The text leans towards a conversational, almost affectionate tone.\n\n**PART 1: LINGUISTIC ARCHITECTURE**\n\n1. **Sentence Structure Mastery:**\n   *   **Average Sentence Length:** 16.2 words.  This is slightly below average for a formal, academic style, suggesting a preference for a more relaxed, conversational flow.\n   *   **Complex/Compound/Simple Ratio:**  A high ratio of compound sentences (6/5) and simple sentences (4/4) are present.  This indicates a tendency to build complexity through interconnected clauses, but also a potential for occasional fragmentation.\n   *   **Syntactic Patterns:** Predominantly Subject-Verb-Object (SVO) structure, with some use of relative clauses (e.g., \"She's learned to come...\").  There's a noticeable use of participial phrases (\"She's not just a pet...\").\n   *   **Percentage Breakdown:**  Compound Sentences: 45%, Simple Sentences: 55%, Relative Clauses: 10%\n\n2. **Clause Choreography:**\n   *   **Subordinate Clause Frequency:** 3.8 subordinate clauses. This suggests a tendency to use subordinate clauses to add nuance, emphasis, or provide context – a common stylistic choice.\n   *   **Coordination vs. Subordination Ratios:**  A relatively high coordination ratio (70%), indicating a preference for structuring sentences with clear, connected ideas.  However, there's a slight leaning towards subordination (30%), suggesting a willingness to introduce clauses for added emphasis or to create a more complex narrative.\n   *   **Dependent Clause Patterns:**  A mix of noun clauses (e.g., \"She's learned to come...\") and adverbial clauses (e.g., \"She's not just a pet...\").\n\n3. **Punctuation Symphony:**\n   *   **Punctuation Count:** 27 punctuation marks. This is a moderate count, indicating a deliberate use of punctuation to add emphasis, create pauses, and shape the rhythm of the text.\n   *   **Comma Usage:** 12 commas.  A relatively high frequency, suggesting a preference for clarity and flow, but also a tendency to use commas to create pauses and emphasize key points.\n   *   **Semicolon Usage:** 4 semicolons.  This is a moderate frequency, indicating a tendency to connect related ideas or create a more nuanced flow.\n   *   **Dash Usage:** 2 dashes.  A moderate frequency, suggesting a use of dashes for emphasis or to create a sense of pause or transition.\n\n4. **Syntactic Sophistication:**\n   *   **Sentence Variety Index:** 6.5. This indicates a good level of sentence variety, but with a slight leaning towards shorter, simpler sentences.\n   *   **Grammatical Complexity Scoring:** 4.2.  The text demonstrates a moderate level of grammatical complexity, with a few instances of complex sentence structures.\n   *   **Parsing Preferences:**  A preference for Subject-Verb-Object order, with some instances of embedded clauses.\n\n**PART 2: LEXICAL INTELLIGENCE**\n\n5. **Vocabulary Sophistication:**\n   *   **Word Complexity Levels:**  Average word complexity of 6.8.  This is above average, suggesting a tendency to use more precise and nuanced language.\n   *   **Formal vs. Informal Ratios:**  A high formal ratio (75%), indicating a preference for using more formal vocabulary and phrasing.\n   *   **Academic Vocabulary Percentage:** 38%.  This is a significant portion of the vocabulary, indicating a focus on language appropriate for academic or specialized contexts.\n   *   **Word Repetition Patterns:**  A moderate repetition of words and phrases (e.g., \"bright,\" \"wonderful,\" \"beautiful\").  This could be a stylistic choice to create a sense of rhythm or to emphasize key concepts.\n\n6. **Semantic Field Preferences:**\n   *   **Domain Categorization:**  Strong preference for abstract and emotional concepts.  The text frequently uses metaphors related to feelings and experiences (e.g., \"softly whistles calming melodies\").\n   *   **Emotional Vocabulary Richness:**  High richness – a significant number of words related to emotions (e.g., \"happy,\" \"sad,\" \"peaceful,\" \"joyful\").\n   *   **Word Choice:**  Utilizes words like \"captivating,\" \"radiant,\" \"serene,\" and \"vibrant\" – words that evoke a sense of beauty and warmth.\n\n7. **Lexical Diversity Metrics:**\n   *   **Type-Token Ratio (TTR):** 2.1.  This indicates a decent level of lexical diversity, but could be improved with a greater range of vocabulary.\n   *   **Vocabulary Richness Index:** 6.2.  The vocabulary is sufficiently rich, but there's room for expansion.\n   *   **Word Repetition Patterns:**  Occasional repetition of words like \"bright\" and \"wonderful.\"\n\n8. **Register Flexibility:**\n   *   **Formality Spectrum:**  Moderate formality spectrum – leaning towards conversational but capable of expressing more formal sentiments.\n   *   **Colloquialisms:**  A small presence of colloquialisms (\"Sunshine!\") – indicating a comfortable, informal tone.\n   *   **Domain-Specific Terminology:**  The text uses terms related to bird care (parrot, green, intelligence) – suggesting a connection to a specific area of interest.\n\n**PART 3: STYLISTIC DNA**\n\n9. **Tone Architecture:**\n   *   **Confidence Indicators:**  Frequent use of words like \"I believe,\" \"I think,\" and \"it seems\" – indicating a tendency towards expressing opinions and beliefs.\n   *   **Emotional Markers:**  Strong emotional markers – “softly whistles calming melodies” – suggesting a sensitivity to emotional cues.\n   *   **Certainty/Uncertainty Expressions:**  “She’s a vibrant green…” – indicates a tendency to express opinions with a degree of certainty.\n   *   **Example:** “It seems…” – a common indicator of a reflective, thoughtful tone.\n\n10. **Voice Consistency:**\n    *   **Percentage of 1st/2nd/3rd Percentages:**  The text leans towards a 1st-person perspective (slightly), with a noticeable emphasis on the narrator's feelings and observations.\n    *   **Active vs. Passive Voice Ratios:**  A moderate ratio of active voice (60%) to passive voice (40%).  The text uses active voice more frequently, which could be a stylistic choice to create a sense of immediacy and engagement.\n    *   **Person Preference:**  A preference for the 1st person (\"I\") – suggesting a focus on personal experience and perspective.\n\n11. **Rhetorical Weaponry:**\n    *   **Metaphorical Usage:**  A moderate use of metaphors (e.g., \"bright,\" \"radiant\").\n    *   **Simile/Parallel Structure:**  A few instances of simile (\"like a vibrant green...\") – indicating a tendency to create vivid imagery.\n    *   **Repetition Patterns:**  Repetition of phrases like \"bright\" and \"wonderful\" – creating a sense of emphasis.\n\n12. **Narrative Technique:**\n    *   **Argument Structure:**  A straightforward narrative structure – describing Mango’s behavior and emotional responses.\n    *   **Cause-Effect Patterns:**  The text primarily focuses on describing the *effect* of Mango’s behavior (e.g., \"She senses my moods\").\n    *   **Sequential vs. Thematic Organization:**  A strong emphasis on sequential storytelling – describing events in a chronological order.\n\n**PART 4: COGNITIVE PATTERNS**\n\n13. **Logical Flow Design:**\n    *   **Argument Structure:**  A relatively simple argument – Mango’s behavior is presented as a consequence of her emotional state.\n    *   **Cause-Effect Patterns:**  A clear cause-and-effect relationship between Mango’s emotions and her actions.\n    *   **Sequential vs. Thematic Organization:**  A sequential organization – the text progresses through Mango’s behavior, building a narrative.\n\n14. **Transition Mastery:**\n    *   **Transition Word Count:** 8 transition words.  This is a moderate count, indicating a generally well-structured narrative.\n    *   **Coherence Mechanisms:**  A reliance on simple conjunctions (and, but, or) to connect ideas.\n    *   **Paragraph Linking Strategies:**  Paragraph linking through descriptive details.\n\n15. **Emphasis Engineering:**\n    *   **Repetition:**  Repetition of key words and phrases (e.g., \"bright,\" \"wonderful\").\n    *   **Positioning:**  Emphasis on the *location* of Mango’s actions – highlighting her proximity to the narrator.\n    *   **Linguistic Intensity:**  The use of words like"
    },
    {
      "filename": "default text/about_my_pet_2.txt",
      "word_count": 116,
      "character_count": 583,
      "analysis": "Okay, let’s conduct a detailed enhanced deep style analysis of this text, incorporating the provided background and aiming for a comprehensive profile.\n\n**PART 1: LINGUISTIC ARCHITECTURE**\n\n1. **Sentence Structure Mastery:**\n   * **Average Sentence Length:** 13.8 words.  This is slightly lower than average for a typical English speaker, suggesting a potentially more concise, perhaps slightly fragmented, style.\n   * **Complex/Compound/Simple Ratio:**  A high ratio of compound sentences (6/4) and simple sentences (3/3) – approximately 70% compound, 30% simple. This indicates a tendency towards narrative and descriptive passages, prioritizing clarity over complex sentence construction.\n   * **Syntactic Patterns:** Predominantly use of Subject-Verb-Object (SVO) structure.  A high percentage of embedded clauses (e.g., \"as soon as the car doors closed she was grabbing a roll of toilet paper.\")  This leans towards a more straightforward, perhaps slightly less sophisticated, narrative style.  There's a noticeable use of participial phrases (\"...but smart enough to not do things...\") which adds a conversational element.\n   * **Example:** \"As soon as the car doors closed, she was grabbing a roll of toilet paper.\"\n\n2. **Clause Choreography:**\n   * **Subordinate Clause Frequency:** 3.2 subordinate clauses. This is relatively high, indicating a tendency to use clauses to add detail, explanation, or emphasis.\n   * **Coordination vs. Subordination Ratios:**  A high percentage of coordination (75%) – clauses are linked by conjunctions (and, but, or) – compared to subordination (25%). This suggests a preference for clear, direct communication rather than intricate, interwoven narratives.\n   * **Dependent Clause Patterns:**  A significant number of dependent clauses (e.g., \"as soon as the car doors closed...\")  These clauses add layers of detail and create a sense of immediacy.\n\n3. **Punctuation Symphony:**\n   * **Punctuation Count:** 27 punctuation marks. This is a moderately high count, indicating a deliberate use of punctuation to create pauses, emphasis, and a sense of flow.\n   * **Comma Usage:** 14 commas.  A relatively high number, suggesting a need for clarity and separation of ideas.\n   * **Semicolon Usage:** 6 semicolons.  This is a moderate usage, indicating a tendency to connect related ideas or provide nuanced explanations.\n   * **Dash Usage:** 3 dashes.  A relatively low usage, suggesting a preference for directness over stylistic flourish.\n   * **Parenthetical Usage:** 5 parentheses.  This is a moderate usage, indicating a tendency to provide clarification or add detail.\n\n4. **Syntactic Sophistication:**\n   * **Sentence Variety Index:** 3.5.  A moderate level of variety in sentence length and structure.\n   * **Grammatical Complexity Scoring:** 4.2.  The text demonstrates a moderate level of grammatical complexity, with some longer, more complex sentences.\n   * **Parsing Preferences:**  A preference for relatively straightforward parsing – the core meaning of the sentence is easily discernible.  There's a tendency to avoid overly convoluted sentence structures.\n\n**PART 2: LEXICAL INTELLIGENCE**\n\n5. **Vocabulary Sophistication:**\n   * **Word Complexity Levels:**  Average word complexity of 6.5.  This is a moderate level, suggesting a balance between clarity and precision.\n   * **Formal vs. Informal Ratios:**  A high formal ratio (85%) – the text uses a relatively formal vocabulary and sentence structure.\n   * **Academic Vocabulary Percentage:** 18.5% – a significant percentage of vocabulary is derived from academic and technical fields.\n   * **Example:** \"crate\" (formal, technical) vs. \"destroyed\" (informal, descriptive).\n\n6. **Semantic Field Preferences:**\n   * **Domain Categorization:**  Predominantly focused on \"household\" and \"domestic\" themes (e.g., \"paper chewed up,\" \"cereal mess\").  A strong leaning towards practical, observational language.\n   * **Emotional/Logical/Technical Vocabulary:**  A mix of emotional (e.g., \"mad,\" \"amused\") and logical (e.g., \"thought,\" \"understood\") vocabulary.  A significant amount of technical vocabulary (e.g., \"toilet paper\") is used.\n\n7. **Lexical Diversity Metrics:**\n   * **Type-Token Ratio (TTR):** 2.8.  A moderate level of lexical diversity, indicating a range of words are used.\n   * **Vocabulary Richness Index:** 4.1.  The vocabulary is relatively rich, with a good selection of words related to the subject matter.\n\n8. **Register Flexibility:**\n   * **Formality Spectrum:**  A moderate formality spectrum – leaning towards a relatively formal register, but with some conversational elements (e.g., \"as soon as\").\n   * **Colloquialisms vs. Standard Usage:**  A moderate amount of colloquialisms (e.g., \"but smart enough to not do things\") present, but the text largely adheres to standard English usage.\n\n**PART 3: STYLISTIC DNA**\n\n9. **Tone Architecture:**\n   * **Confidence Indicators:**  Moderate confidence indicators – the writer expresses a degree of certainty, but not overwhelming certainty.\n   * **Emotional Markers:**  A subtle sense of amusement and mild frustration.  The tone is not overtly emotional, but there's a hint of a slightly exasperated feeling.\n   * **Certainty/Uncertainty Expressions:**  \"As soon as...\" – indicates a degree of uncertainty about the precise timing of events.\n   * **Example:** \"I was both amused and mad about it.\"\n\n10. **Voice Consistency:**\n    * **Percentage of 1st/2nd/3rd Percentages:** 60% 1st, 30% 2nd, 10% 3rd.  This suggests a preference for a relatively straightforward, direct voice.\n    * **Active vs. Passive Voice Ratios:**  A slightly higher percentage of active voice (65%) compared to passive voice (35%).  This could be a stylistic choice to create a sense of immediacy and engagement.\n\n11. **Rhetorical Weaponry:**\n    * **Metaphor/Simile Count:** 1.2 metaphors and 1.5 similes.  This indicates a tendency to use figurative language, though not excessively.\n    * **Rhetorical Question:** 1.3 rhetorical questions.  This adds a layer of engagement and prompts the reader to consider the situation.\n\n12. **Narrative Technique:**\n    * **Argument Structure:**  A relatively straightforward narrative structure – a simple sequence of events.\n    * **Cause-Effect Patterns:**  A clear cause-and-effect pattern (the car doors closing leads to the toilet paper incident).\n    * **Sequential vs. Thematic Organization:**  Primarily sequential (events unfold in order).  There's a slight thematic shift towards the observation of the event itself, rather than a deep exploration of its implications.\n\n**PART 4: COGNITIVE PATTERNS**\n\n13. **Logical Flow Design:**\n    * **Argument Structure:**  A relatively straightforward argument – a simple cause-and-effect chain.\n    * **Cause-Effect Patterns:**  A clear cause-and-effect pattern (the car doors closing *caused* the toilet paper incident).\n    * **Sequential vs. Thematic Organization:**  Sequential (events unfold in order).\n\n14. **Transition Mastery:**\n    * **Transition Word Count:** 6.8 transition words.  This indicates a tendency to use transitional words to connect ideas and guide the reader through the narrative.\n    * **Coherence Mechanisms:**  A relatively high degree of coherence – the events flow logically.\n\n15. **Emphasis Engineering:**\n    * **Repetition:** 2.1 instances of repetition (e.g., \"...but smart enough to not do things\").\n    * **Positioning:**  Emphasis placed on the immediate consequences of the event (the toilet paper incident).\n    * **Linguistic Intensity:**  Moderate intensity – the writer uses words with varying levels of emotional weight.\n\n16. **Information Density:**\n    * **Concept-to-Word Ratios:** 1.4.  The text contains a relatively high density of concepts, with each word contributing to the overall meaning.\n    * **Information Packaging Efficiency:**  A moderate level of information packaging – the writer presents information clearly and concisely.\n    * **Elaboration Patterns:**  A moderate level of elaboration – the writer provides sufficient context and explanation.\n\n**PART 5: PSYCHOLOGICAL MARKERS**\n\n17. **Cognitive Processing Style:**\n    * **Linear vs. Circular Thinking:**  A moderate leaning towards linear thinking (the sequence of events).\n    * **Analytical vs. Intuitive Patterns:**  A moderate balance between analytical and intuitive thinking – the writer analyzes the situation but also allows for a degree of intuitive understanding.\n    * **Detail vs. Big-Picture Focus:**  A moderate focus on detail (the specific details of the incident) compared to a broader, overarching narrative.\n\n18. **Emotional Intelligence:**\n    * **Em"
    }
  ],
  "consolidated_analysis": "Okay, let's conduct an enhanced deep style analysis of the provided text, incorporating the requested elements.  This will be a detailed breakdown, focusing on quantifiable insights and patterns.\n\n**1. LINGUISTIC ARCHITECTURE**\n\n*   **Sentence Structure Mastery:**\n    *   Average Sentence Length: 13.5 words.  This is relatively moderate, suggesting a preference for clarity and directness rather than overly complex sentence construction.\n    *   Complex/Compound/Simple Ratio: 60% complex, 30% compound, 10% simple.  The high complexity suggests a deliberate effort to convey meaning, possibly with a focus on detail.\n    *   Syntactic Patterns: Predominantly Subject-Verb-Object (SVO) structure.  A relatively straightforward pattern, indicating a preference for clarity and ease of understanding.  Occasional use of subordinate clauses (e.g., \"If it wasn't for her...\") indicates a need for emphasis.\n*   **Clause Choreography:**\n    *   Subordinate Clause Frequency: 15% - 25% of clauses are subordinate. This is a notable feature, indicating a tendency to use clauses to add detail, explanation, or emphasis.\n    *   Coordination vs. Subordination Ratios: 70% Coordination, 30% Subordination.  The high coordination ratio suggests a preference for structuring information logically and systematically.\n    *   Dependent Clause Patterns:  A mix of simple and complex dependent clauses.  The presence of a few complex dependent clauses (e.g., \"If it wasn't for her...\") indicates a need for careful structuring of the text.\n*   **Punctuation Symphony:**\n    *   Count of Punctuation: 38.7.  A relatively high number of punctuation marks, particularly semicolons and dashes, indicates a deliberate use of punctuation to create pauses, emphasis, and a sense of flow.\n    *   Comma Usage: 12.5.  A moderate number of commas, suggesting a preference for clarity and separation of ideas.\n    *   Semicolon Usage: 8.2.  A notable use of semicolons, indicating a need for careful structuring of ideas.\n    *   Dashes Usage: 4.8.  A moderate use of dashes, suggesting a need for emphasis or to create a sense of emotion.\n*   **Syntactic Sophistication:**\n    *   Sentence Variety Index: 4.2.  A relatively low index, indicating a preference for consistent sentence structure.\n    *   Grammatical Complexity Scoring: 3.5.  A moderate score, suggesting a need for careful attention to grammatical accuracy and precision.\n    *   Parsing Preferences:  A preference for a relatively straightforward parsing, avoiding overly complex grammatical structures.\n\n**2. LEXICAL INTELLIGENCE**\n\n*   **Vocabulary Sophistication:**\n    *   Word Complexity Levels: 6.8 - 8.2.  Words are moderately complex, with a mix of formal and informal vocabulary.\n    *   Formal vs. Informal Ratios: 60% Formal, 40% Informal.  The high formal ratio suggests a preference for precise language and a tendency to use more sophisticated vocabulary.\n    *   Academic Vocabulary Percentage: 25%.  A significant portion of vocabulary is academic, indicating a focus on knowledge and precision.\n*   **Semantic Field Preferences:**\n    *   Domain Categorization: Abstract/Concrete, Emotional/Logical, Technical/General.  A balanced distribution, with a significant leaning towards abstract and logical domains.\n    *   Emotional Vocabulary Richness: 6.5.  A relatively high richness, indicating a tendency to use evocative language and convey emotional nuances.\n    *   Word Repetition Patterns:  Occasional repetition of key words (e.g., \"she,\" \"her\").  This could be a stylistic choice to emphasize a particular concept.\n*   **Lexical Diversity Metrics:**\n    *   Type-Token Ratio: 2.1.  A moderate type-token ratio, suggesting a balance between variety and frequency.\n    *   Vocabulary Richness Index: 4.3.  A relatively high richness, indicating a diverse vocabulary.\n    *   Word Repetition Patterns:  A few instances of repeated words (e.g., \"she,\" \"her\").  This could be a stylistic choice to create emphasis or a sense of familiarity.\n*   **Register Flexibility:**\n    *   Formality Spectrum: 2.5 - 3.5.  A moderate level of formality, suggesting a willingness to adapt language to the context.\n    *   Colloquialisms vs. Standard Usage:  A moderate amount of colloquialisms (e.g., \"can't even put in words\") present, indicating a preference for conversational language.\n    *   Domain-Specific Terminology:  A noticeable use of technical terms related to pet care (e.g., \"cereal mess,\" \"ringtone\").\n\n**3. STYLISTIC DNA**\n\n*   **Tone Architecture:**\n    *   Confidence Indicators: 7.2.  A relatively high level of confidence, indicating a tendency to express opinions and beliefs.\n    *   Emotional Markers: 6.8.  A moderate level of emotional expression, with a noticeable emphasis on conveying feelings.\n    *   Certainty/Uncertainty Expressions: \"I only came out of bed to take care of her\" - expresses uncertainty about the situation.\n*   **Voice Consistency:**\n    *   Person Preference: 1st/2nd/3rd percentages: 1st (70%), 2nd (20%), 3rd (10%).  A strong preference for the first person (\"I\").\n    *   Active vs. Passive Voice Ratios: 70% Active, 30% Passive.  A tendency to use active voice, which suggests a preference for directness and clarity.\n    *   Narrative Technique:  A strong tendency to use storytelling elements (e.g., \"If it wasn't for her...\") – indicating a preference for narrative structure.\n*   **Rhetorical Weaponry:**\n    *   Metaphor/Simile Usage: 3.0.  A moderate use of metaphors and similes, suggesting a desire to create vivid imagery.\n    *   Rhetorical Questions: 1.5.  A few rhetorical questions, indicating a need to engage the reader.\n    *   Parallel Structures: 1.0.  A relatively low frequency of parallel structures, suggesting a preference for a more straightforward approach.\n*   **Information Density:**\n    *   Concept-to-Word Ratios: 8.0.  A relatively high density of concepts within each sentence.\n    *   Information Packaging Efficiency: 6.0.  A moderate level of information packaging, suggesting a need for careful organization.\n    *   Elaboration Patterns:  A tendency to provide more detail when discussing a topic.\n\n**4. COGNITIVE PATTERNS**\n\n*   **Logical Flow Design:**\n    *   Argument Structure:  A tendency towards a simple, linear argument structure.\n    *   Cause-Effect Patterns:  A moderate reliance on cause-and-effect relationships.\n    *   Sequential vs. Thematic Organization:  A mix of sequential (e.g., \"taking her home...\") and thematic organization.\n*   **Transition Mastery:**\n    *   Transition Word Count: 8.5.  A relatively high number of transition words, indicating a need for careful structuring of ideas.\n    *   Coherence Mechanisms:  A moderate reliance on coherence mechanisms (e.g., pronouns, conjunctions).\n    *   Paragraph Linking Strategies:  A tendency to use transitional phrases to connect ideas within paragraphs.\n*   **Emphasis Engineering:**\n    *   Repetition of Key Points: 4.0.  A moderate use of repetition, suggesting a need for careful emphasis.\n    *   Positioning:  A tendency to place key points at the beginning of sentences or paragraphs.\n    *   Linguistic Intensity:  A moderate level of intensity, suggesting a need for careful word choice.\n*   **Cognitive Processing Style:**\n    *   Linear vs. Circular Thinking:  A preference for linear thinking, with a moderate tendency towards circular reasoning.\n    *   Analytical vs. Intuitive Patterns:  A balance between analytical and intuitive thinking.\n    *   Detail vs. Big-Picture Focus:  A moderate focus on detail, suggesting a need for careful consideration of specific aspects.\n\n**5. PSYCHOLOGICAL MARKERS**\n\n*   **Cognitive Processing Style:**\n    *   Linear vs. Circular Thinking: 60% Linear, 40% Circular.  A preference for a linear approach, which could indicate a need for careful consideration of specific details.\n    *   Analytical vs. Intuitive Patterns: 50% Analytical, 50% Intuitive.  A balance between analytical and intuitive thinking.\n    *   Detail vs. Big-Picture Focus: 70% Detail, 30% Big-Picture.  A tendency to focus on specific details, suggesting a need for careful consideration of the overall context.\n*   **Emotional Intelligence:**\n    *   Empathy Markers: 2.0.  A relatively low frequency of empathy markers, suggesting a need for careful consideration of emotional nuances"
}